file,conference,rationale
P001.pdf,CVPR,"The paper focuses on the application of clustering techniques for drone monitoring and position estimation using LiDAR data, which is a significant aspect of computer vision and robotics. The use of advanced clustering algorithms like DBSCAN for processing 3D point cloud data aligns well with the topics typically covered at CVPR, which emphasizes computer vision, image processing, and machine learning applications in visual data. Furthermore, the integration of multi-sensor data for accurate tracking and localization of drones fits within the scope of CVPR's interest in innovative methods for visual perception and scene understanding. Overall, the methodologies and applications discussed in the paper are best suited for the CVPR conference."
P002.pdf,EMNLP,"The paper explores the intersection of various disciplines, including linguistics, sociology, and cultural studies, with a focus on the implications of viral phenomena on human behavior and communication. The discussions around linguistic patterns, particularly the emergence of a new dialect (""Viralish"") and its spread through social media, align closely with the themes typically addressed at EMNLP, which emphasizes natural language processing and its applications in understanding human language and communication dynamics. Furthermore, the paper's interdisciplinary approach, combining elements of psychology, anthropology, and linguistics, reflects the diverse methodologies and topics often presented at EMNLP conferences."
P003.pdf,KDD,"The paper discusses the application of explainable reinforcement learning in the context of financial market simulation, which is a key area of interest for the KDD conference. KDD focuses on knowledge discovery and data mining, particularly in complex domains such as finance. The integration of explainable AI techniques with reinforcement learning to enhance decision-making transparency in trading agents aligns well with KDD's emphasis on data-driven methodologies and the interpretation of complex models. Additionally, the exploration of unconventional approaches, such as chaos theory and astrological principles in trading strategies, reflects the innovative and interdisciplinary nature of research typically presented at KDD. Overall, the paper's focus on data-driven insights and model interpretability in financial contexts makes it a strong fit for the KDD conference."
P004.pdf,NeurIPS,"The paper presents a novel approach to graph neural networks (GNNs) that emphasizes training-free methods and the use of labels as input features for transductive node classification. NeurIPS is known for its focus on machine learning advancements, including neural network architectures and their applications. The introduction of training-free GNNs (TFGNNs) and the theoretical proofs regarding their expressive power align well with the innovative research typically showcased at NeurIPS. Additionally, the empirical evaluations and comparisons with existing GNN models further support the paper's relevance to the conference's themes of machine learning and neural networks."
P005.pdf,CVPR,"The paper focuses on image analysis techniques for clothing segmentation and identification, which falls squarely within the domain of computer vision. The proposed method employs advanced image co-segmentation and graphical models to achieve pixel-level labeling, which is a common theme in computer vision research. The use of datasets like Fashionista and CCP, along with the application of algorithms such as E-SVM and Graph Cuts, further emphasizes the paper's alignment with the methodologies typically presented at CVPR. Additionally, the emphasis on visual patterns and contextual information in clothing images highlights the intersection of computer vision and fashion technology, making CVPR the most appropriate conference for this work."
P006.pdf,KDD,"The paper focuses on high-throughput genomic sequencing in marine ecology, emphasizing the integration of advanced computational tools and artificial intelligence methods to analyze genomic data. The exploration of genomic diversity, the use of machine learning algorithms for pattern recognition, and the application of innovative analytical approaches align well with the themes of KDD, which is centered on knowledge discovery and data mining. Additionally, the paper discusses the implications of genomic analysis for biodiversity monitoring and conservation, which are relevant to the data-driven methodologies often presented at KDD. The unconventional methods mentioned, such as using AI-generated genomes and chaos theory, further highlight the innovative data-driven approaches that are characteristic of KDD conferences."
P007.pdf,EMNLP,"The paper focuses on discourse parsing and its integration with syntactic parsing, which are key topics in natural language processing (NLP). It presents a novel joint parser that operates at both the constituency and discourse levels, making significant contributions to the field of NLP. The end-to-end approach and the development of a new syntacto-discourse treebank further emphasize its relevance to the EMNLP conference, which is known for its emphasis on advancements in NLP techniques and methodologies. Additionally, the empirical evaluations and the use of neural models, such as bi-directional LSTMs, align well with the types of research typically presented at EMNLP. Overall, the paper's focus on discourse analysis within the context of NLP makes EMNLP the most appropriate conference for its classification."
P008.pdf,EMNLP,"The paper focuses on Chain-of-Thought (CoT) prompting, which is a technique specifically aimed at enhancing the performance of large language models (LLMs) on complex reasoning tasks. The research delves into the mechanisms behind CoT, its impact on in-context learning, sample complexity, and generalization capabilities, all of which are central themes in natural language processing (NLP). The emphasis on theoretical analysis and empirical experimentation to understand the effectiveness of CoT aligns well with the scope of EMNLP, which is dedicated to advancements in NLP and machine learning techniques applied to language tasks. Additionally, the paper's exploration of compositional functions and multi-layer perceptrons (MLPs) within the context of LLMs further solidifies its relevance to the EMNLP conference."
P009.pdf,NeurIPS,"The paper focuses on advanced Bayesian learning techniques, specifically in the context of online inference and model aggregation using Gaussian processes and basis function expansions. The methodologies discussed, such as random feature approximations and dynamic ensembles, are highly relevant to the NeurIPS conference, which emphasizes machine learning theory, Bayesian methods, and online learning. Additionally, the paper's exploration of model selection, adaptability, and empirical evaluations aligns well with the cutting-edge research typically presented at NeurIPS, making it the most appropriate conference for this work."
P010.pdf,KDD,"The paper addresses the application of reinforcement learning (RL) techniques specifically tailored for recommender systems, focusing on optimizing user satisfaction through improved sample efficiency and variance reduction. KDD is known for its emphasis on data mining and knowledge discovery, particularly in the context of real-world applications such as recommender systems. The proposed method, Model-based Counterfactual Advantage Learning (MBCAL), is evaluated using real-world datasets and involves sophisticated modeling techniques that align well with the themes of KDD. Additionally, the paper discusses practical challenges in deploying RL in recommender systems, which is a common area of interest at KDD. Overall, the focus on data-driven methods for enhancing recommender systems makes KDD the most suitable conference for this work."
P011.pdf,KDD,"The paper focuses on statistical methods for detecting heterogeneous treatment effects (HTE) in online experiments, specifically A/B testing, which is a common practice in data-driven decision-making in industry. The emphasis on controlling false discovery rates (FDR) and the application of these methods to real-world datasets aligns closely with the themes of data mining and knowledge discovery that are central to the KDD conference. KDD is known for its focus on practical applications of data analysis techniques, particularly in the context of large-scale data, which is a key aspect of this paper as it discusses the implementation of the proposed methods at Snap, an internet company. Additionally, the paper's exploration of user heterogeneity and the statistical rigor involved in causal inference further supports its classification under KDD, where such methodologies are highly relevant."
P012.pdf,EMNLP,"The paper focuses on the scaling laws of large language models (LLMs) and their implications for language prediction tasks, which is a central topic in natural language processing (NLP). It critically analyzes and reconciles findings from previous studies on scaling coefficients, specifically those related to transformer models used in language modeling. The methodologies employed, including analytical modeling and empirical validation of scaling relationships, align well with the themes typically explored at EMNLP, which emphasizes advancements in NLP techniques and their theoretical foundations. Furthermore, the paper's emphasis on optimizing model parameters and training data for improved performance in language tasks is a key area of interest for the EMNLP community."
P013.pdf,EMNLP,"The paper focuses on explaining classifications of deep neural networks specifically in the language domain, utilizing a method called PatternAttribution. It discusses the challenges of interpreting deep learning models in natural language processing (NLP) and proposes improvements to existing explanation methods. The experiments conducted involve training a CNN text classifier on an NLP dataset (Amazon review polarity) and analyzing the contributions of different text features to sentiment classification. This focus on NLP and the evaluation of model interpretability aligns well with the themes and scope of the EMNLP conference, which is dedicated to research in natural language processing and computational linguistics."
P014.pdf,CVPR,"The paper focuses on advancements in audio-visual active speaker detection, employing deep learning techniques such as 3D convolutional neural networks and LSTM classifiers. The use of multimodal data (audio and video) and the application of CNNs for feature extraction are highly relevant to the computer vision community, particularly as it pertains to video analysis and understanding. Additionally, the paper discusses challenges related to video data, such as synchronization issues, which are common topics at CVPR. The emphasis on improving detection accuracy in a video context aligns well with the themes typically explored at CVPR, making it the most appropriate conference for this research."
P015.pdf,CVPR,"The paper discusses challenges in trajectory forecasting and 3D perception specifically in the context of autonomous driving, which is a prominent topic in computer vision. The use of LiDAR data for 3D object detection and the focus on real-world urban traffic scenarios align closely with the themes typically explored at CVPR, such as visual recognition, object detection, and scene understanding. Additionally, the methodologies described, including encoder-decoder frameworks and point-based detection systems, are common in computer vision research. The emphasis on datasets and evaluation metrics for visual tasks further supports this classification, making CVPR the most appropriate conference for this paper."
P016.pdf,EMNLP,"The paper explores the intersection of Bayesian inference, morality, and the potential for communication with extraterrestrial civilizations, which involves complex linguistic and philosophical considerations. The focus on moral frameworks and the implications for interspecies communication aligns well with the themes of natural language processing and understanding, which are central to EMNLP. Additionally, the use of Bayesian models and the analysis of moral dilemmas through simulated encounters suggest a methodological approach that resonates with the kind of interdisciplinary research often presented at EMNLP, where language, cognition, and ethical implications are examined."
P017.pdf,CVPR,"The paper focuses on automatic video analysis, specifically on detecting and summarizing video highlights using time-synchronized comments. This aligns well with the topics covered at CVPR, which often includes computer vision and video analysis techniques. The proposed methods involve leveraging natural language processing to enhance video highlight detection, which is a relevant intersection of computer vision and language processing. Additionally, the use of extensive datasets and experimental validation further supports the suitability of this paper for CVPR, as the conference emphasizes innovative methodologies and applications in visual data analysis."
P018.pdf,NeurIPS,"The paper focuses on enhancing deep reinforcement learning (RL) through a novel intervention called ""plasticity injection,"" which addresses the issue of plasticity loss in neural networks. This research is highly relevant to the NeurIPS conference, which emphasizes advancements in machine learning, particularly in areas such as reinforcement learning, continual learning, and neural network optimization. The proposed methodology involves innovative approaches to diagnosis, mitigation, and adaptive capacity expansion, which aligns with NeurIPS's focus on cutting-edge machine learning techniques and their applications. Furthermore, the paper's experimental evaluation across challenging RL benchmarks showcases its contributions to the field, making it a strong fit for NeurIPS, where similar topics are frequently discussed."
P019.pdf,KDD,"The paper focuses on the application of machine learning techniques to analyze large-scale real-world data related to tuberculosis treatment, specifically utilizing Digital Adherence Technologies (DATs) to improve patient adherence and intervention strategies. The research involves developing predictive models, including a deep learning model (LEAP), to enhance decision-making in healthcare settings, which aligns well with the themes of knowledge discovery and data mining emphasized at KDD. Additionally, the paper addresses challenges related to data quality and the impact of unrecorded interventions, which are critical topics in data-driven healthcare research. The integration of machine learning with healthcare applications, particularly in the context of public health challenges like tuberculosis, makes KDD the most appropriate conference for this work."
P020.pdf,NeurIPS,"The paper focuses on the application of deep learning techniques for 3D protein structure prediction, which is a significant topic in the intersection of machine learning and biological sciences. NeurIPS (Neural Information Processing Systems) is known for its emphasis on advances in machine learning, artificial intelligence, and their applications across various domains, including biology. The innovative use of convolutional and recurrent neural networks, as well as generative models, aligns well with the conference's scope. Additionally, the exploration of unconventional methodologies, such as mapping protein structures to musical compositions, showcases creativity in applying machine learning, which is a hallmark of research presented at NeurIPS. Overall, the paper's focus on deep learning methods and their implications for drug discovery makes it a strong fit for NeurIPS."
P021.pdf,NeurIPS,"The paper addresses the complex issue of vehicle motion prediction in the context of distributional shifts, which is a significant topic in machine learning and artificial intelligence. The use of advanced techniques such as self-attention mechanisms and a novel loss function indicates a strong focus on deep learning methodologies, which aligns well with the themes typically presented at NeurIPS. Additionally, the paper's emphasis on robustness and uncertainty in predictions across different domains is a key area of interest in the NeurIPS community, which often explores the challenges of generalization in machine learning models. The competitive nature of the work, achieving a notable ranking in the 2021 Shifts Challenge, further supports its relevance to the NeurIPS conference, known for showcasing cutting-edge research in machine learning and its applications."
P022.pdf,KDD,"The paper focuses on the application of swarm robotics inspired by sociobiological principles to enhance urban farming practices. It combines elements of artificial intelligence, machine learning, and data analysis to optimize crop yields and explore complex interactions within agricultural ecosystems. The emphasis on data-driven methodologies, experimental design, and the analysis of social behaviors aligns well with the themes of knowledge discovery and data mining, which are central to the KDD conference. Additionally, the interdisciplinary nature of the research, which includes aspects of robotics, agriculture, and sociobiology, fits within the broader scope of KDD, which encourages innovative applications of data science across various domains."
P023.pdf,CVPR,"The paper presents a computational model for saliency detection in images, which is a key area of research within computer vision. The focus on predicting eye fixations through a reverse hierarchy model and the use of image super-resolution techniques are aligned with the themes typically explored at CVPR. Additionally, the paper discusses the hierarchical structure of the visual system and its implications for visual attention, which are central topics in computer vision research. The experimental validation on eye-tracking datasets further emphasizes its relevance to applications in computer vision, making CVPR the most suitable conference for this work."
P024.pdf,NeurIPS,"The paper focuses on adversarial machine learning, specifically exploring label-only backdoor attacks and their implications for the security of machine learning models. NeurIPS is known for its emphasis on machine learning theory, algorithms, and applications, including adversarial attacks and defenses. The introduction of a novel attack mechanism (FLIP) and the comprehensive evaluation of its effectiveness across various datasets and scenarios align well with the themes typically presented at NeurIPS. Additionally, the paper discusses the implications for model training pipelines and the need for robust defenses, which are critical topics in the NeurIPS community."
P025.pdf,CVPR,"The paper focuses on scene parsing through image analysis, which is a key topic in computer vision. It discusses methods for improving classification accuracy in image segmentation, particularly in the context of foreground and background class recognition. The use of superpixels, probabilistic classifiers, and energy minimization techniques aligns well with the methodologies typically presented at CVPR. Additionally, the paper evaluates its proposed methods on well-known computer vision datasets (SIFTflow and LMSun), further reinforcing its relevance to the CVPR community, which emphasizes advancements in visual recognition and scene understanding."
P026.pdf,NeurIPS,"The paper explores the application of Generative Adversarial Networks (GANs) in translating whale songs into hypnotic trance music, which involves advanced machine learning techniques and generative modeling. NeurIPS is known for its focus on machine learning, artificial intelligence, and their applications across various domains, including audio processing and creativity enhancement. The innovative use of GANs to manipulate audio data and the exploration of psychoacoustic properties align well with the themes typically presented at NeurIPS. Additionally, the interdisciplinary nature of the research, which touches on cognitive science and creativity, further supports its classification under this conference."
P027.pdf,EMNLP,"The paper focuses on natural language processing (NLP) applications, specifically the development of emoji embeddings to enhance sentiment analysis in social media contexts. It discusses the limitations of existing word embeddings regarding emoji representations and presents a novel method for learning these embeddings from Unicode descriptions. The emphasis on social media data, representation learning, and sentiment analysis aligns well with the themes typically explored at EMNLP, which is dedicated to advancements in NLP and computational linguistics. Additionally, the paper includes quantitative evaluations of the proposed method on sentiment analysis tasks, further solidifying its relevance to the EMNLP conference."
P028.pdf,EMNLP,"The paper focuses on grounded language understanding, particularly the disambiguation of sentences based on visual context, which is a key area in natural language processing. It introduces a novel task that integrates linguistic ambiguities with visual information, aligning closely with the themes of the EMNLP conference, which emphasizes advancements in language processing and understanding. The methodology involves creating a multimodal corpus and employing deep learning models to address linguistic ambiguities, further solidifying its relevance to the EMNLP community. The exploration of how language interacts with visual modalities and the development of a framework for resolving ambiguities are significant contributions to the field of computational linguistics, making EMNLP the most appropriate conference for this paper."
P029.pdf,EMNLP,"The paper focuses on the development of an open-source multimodal conversational system, which involves natural language processing (NLP) techniques, particularly in the context of human-computer interaction. It discusses the integration of various modalities such as speech, text, and visual data, which is a key area of research in NLP. The emphasis on large language models (LLMs), emotion detection, and the challenges of evaluating conversational agents aligns closely with the themes typically explored at EMNLP. Additionally, the paper addresses the need for benchmarking and evaluation metrics, which are crucial for advancing NLP technologies. Therefore, EMNLP is the most appropriate conference for this work, given its focus on language processing and conversational AI systems."
P030.pdf,NeurIPS,"The paper focuses on optimizing memory usage for dynamic shape graphs in deep learning, which is a core topic in the field of machine learning. It discusses advanced techniques such as operation scheduling and rematerialization strategies using symbolic shapes, which are highly relevant to the research themes typically presented at NeurIPS. The emphasis on compiler optimizations for deep learning models and the exploration of memory efficiency align well with the innovative approaches often showcased at this conference. Additionally, the paper's experimental evaluation of a deep learning model further supports its classification under NeurIPS, which frequently features cutting-edge research in machine learning algorithms and their implementations."
P031.pdf,EMNLP,"The paper focuses on the detection of hate speech towards Islam using advanced Natural Language Processing (NLP) techniques, specifically Graph Neural Networks (GNNs). The primary aim is to enhance the explainability and accuracy of hate speech detection, which is a significant topic within the NLP community. EMNLP is known for its emphasis on language processing and understanding, making it the most suitable venue for this research. The integration of GNNs with NLP-generated word embeddings further aligns with the conference's focus on innovative methodologies in language processing. Additionally, the paper discusses the ethical implications and societal impact of hate speech detection, which are relevant themes in the NLP research community. Overall, the paper's emphasis on NLP techniques and the application of GNNs for text classification strongly supports its classification under EMNLP."
P032.pdf,EMNLP,"The paper presents a highly interdisciplinary exploration of water, integrating elements from various fields such as philosophy, literature, and culinary arts, which aligns with the themes of creativity and language often found in EMNLP. The abstract and introduction reflect a deep engagement with semiotics and the complexity of human understanding, which are central to natural language processing discussions. Additionally, the paper's unique approach to examining the relationship between water and human cognition suggests a narrative style that is characteristic of papers presented at EMNLP, where the intersection of language, meaning, and human experience is frequently analyzed. The playful and surreal tone also resonates with the innovative and sometimes unconventional research presented at EMNLP, making it the most fitting conference for this paper."
P033.pdf,EMNLP,"The paper focuses on AMR (Abstract Meaning Representation) parsing, which is a task within the field of natural language processing (NLP). It discusses a transition-based parser that utilizes Stack-LSTMs to generate AMR parses directly from plain text, highlighting techniques relevant to syntactic and semantic parsing, named entity recognition, and word sense disambiguation. These topics are central to the EMNLP conference, which emphasizes advancements in NLP methodologies and applications. The paper's emphasis on parsing algorithms and their performance on a standard dataset also aligns well with the research themes typically presented at EMNLP."
P034.pdf,CVPR,"The paper focuses on enhancing Vision Transformers (ViTs) through a novel normalization technique called Dual PatchNorm, which is specifically designed for image classification, semantic segmentation, and contrastive learning tasks. The emphasis on computer vision applications and the exploration of ViT architectures align well with the themes typically presented at CVPR, which is a premier conference for computer vision research. The methodologies discussed, including extensive experimentation on image datasets and performance evaluations, further support the classification of this paper under CVPR, as it addresses core challenges in the field of computer vision."
P035.pdf,KDD,"The paper focuses on game-theoretic optimization within the context of crowdsourced delivery networks, which involves complex data-driven decision-making and optimization problems. KDD (Knowledge Discovery and Data Mining) is well-suited for this research as it emphasizes the analysis of large datasets and the development of algorithms to extract insights and optimize processes. The incorporation of game-theoretic principles, evolutionary game theory, and unconventional optimization methods aligns with KDD's focus on innovative approaches to data analysis and system optimization. Additionally, the paper discusses the interaction between multiple agents and the dynamics of crowdsourced systems, which are key themes in KDD research. Overall, the interdisciplinary nature of the work, combining elements of logistics, economics, and data science, makes KDD the most appropriate conference for this paper."
P036.pdf,TMLR,"The paper presents a highly interdisciplinary exploration of gravity, combining elements of physics, culinary arts, and theoretical constructs in a whimsical manner. This aligns with the scope of TMLR, which often encourages innovative and unconventional approaches to research. The paper's focus on theoretical frameworks and the integration of diverse fields, such as gastronomy and physics, reflects TMLR's emphasis on novel methodologies and the exploration of complex topics through a unique lens. Additionally, the playful nature of the paper suggests a creative exploration of scientific concepts, which is often appreciated in TMLR submissions."
P037.pdf,EMNLP,"The paper focuses on a dataset specifically designed for machine reading comprehension (MRC) in the Chinese language, which is a key area of research in natural language processing (NLP). The introduction of a novel span-extraction dataset, along with the evaluation of baseline models and their performance on various tasks, aligns closely with the themes typically explored at EMNLP. This conference emphasizes advancements in NLP, including dataset creation, evaluation metrics, and the application of machine learning models to language tasks, making it the most suitable venue for this research. Additionally, the paper's focus on linguistic diversity and reasoning in MRC further supports its classification under EMNLP, which often showcases work that enhances understanding and capabilities in language comprehension."
P038.pdf,NeurIPS,"The paper focuses on the application of Graph Neural Networks (GNNs) to analyze caffeine diffusion patterns in espresso foam, which involves advanced machine learning techniques and complex system modeling. NeurIPS is known for its emphasis on machine learning, deep learning, and neural networks, making it a suitable venue for research that explores innovative applications of GNNs in interdisciplinary contexts. The paper's exploration of GNNs in predicting diffusion patterns, as well as its discussion of the underlying mathematical and physical principles, aligns well with the themes typically presented at NeurIPS. Additionally, the paper's interdisciplinary approach, combining elements of materials science and computational modeling, fits within the broader scope of research that NeurIPS encourages."
P039.pdf,EMNLP,"The paper discusses a complex interdisciplinary phenomenon referred to as RAG, which integrates concepts from various fields including biology, mathematics, and artificial intelligence. The focus on algorithmic principles, particularly the development of novel algorithms like the ""Fibonacci Blooming Sequence,"" suggests a strong connection to computational methods often explored in natural language processing and machine learning, which are central themes at EMNLP. Additionally, the paper's exploration of cognitive models and their implications for understanding human cognition aligns with the conference's interest in the intersection of language, learning, and artificial intelligence. The emphasis on innovative applications of RAG in areas such as AI and cognitive science further solidifies its fit for EMNLP, as these themes resonate with the conference's focus on advancements in language technologies and their broader implications."
P040.pdf,CVPR,"The paper presents a novel approach that combines 3D Convolutional Neural Networks (CNNs) with Computational Fluid Dynamics (CFD) to enhance architectural design through real-time simulations. The focus on 3D CNNs and the application of deep learning techniques for spatial data processing aligns closely with the themes of computer vision and image processing, which are central to CVPR. Additionally, the paper discusses the use of CAD software and visual programming to create and visualize architectural designs, further emphasizing the relevance to computer vision applications in architecture. The integration of machine learning methods in a 3D context, particularly for design optimization and simulation, makes CVPR the most appropriate conference for this work."
P041.pdf,NeurIPS,"The paper presents a novel application of reinforcement learning within the context of metaverse archaeology, utilizing advanced machine learning techniques to navigate and excavate virtual ruins. The focus on training a reinforcement learning agent, ""Erebus,"" to uncover hidden artifacts and patterns aligns closely with the themes of artificial intelligence and machine learning that are central to NeurIPS. Additionally, the integration of unconventional training data, such as ancient conspiracy theories, and the exploration of complex decision-making processes through deep learning methods further supports this classification. NeurIPS is known for its emphasis on innovative AI methodologies and their applications, making it the most appropriate venue for this research."
P042.pdf,CVPR,"The paper focuses on a novel semantic similarity metric for image registration, which is a key area in computer vision. The use of deep learning techniques to enhance registration accuracy and the application of the method across various image modalities, particularly in medical imaging, aligns well with the themes typically explored at CVPR. Additionally, the emphasis on improving image registration through learned features and the evaluation of performance against traditional metrics further supports its classification under CVPR, where advancements in image processing and computer vision methodologies are a central focus."
P043.pdf,NeurIPS,"The paper discusses complex interdisciplinary themes that blend elements of astrophysics, machine learning, and creative methodologies, which aligns well with the focus of NeurIPS on innovative approaches in machine learning and artificial intelligence. The use of advanced algorithms and machine learning protocols to analyze celestial data, as well as the exploration of new predictive models for celestial behavior, indicates a strong emphasis on computational techniques that are central to NeurIPS. Additionally, the paper's exploration of novel methodologies and the integration of diverse fields such as gastronomy and astronomy suggest a creative and theoretical approach that is often celebrated at NeurIPS."
P044.pdf,KDD,"The paper presents a comprehensive multimodal dataset, CropNet, aimed at improving crop yield predictions through deep learning techniques. The focus on data mining, machine learning applications in agriculture, and the integration of various data modalities (satellite imagery, meteorological data, and crop statistics) aligns well with the themes of the KDD conference, which emphasizes knowledge discovery and data mining in diverse domains. Additionally, the paper discusses the development of deep learning models and their application to real-world agricultural problems, further supporting its classification under KDD."
P045.pdf,CVPR,"The paper focuses on advancements in visual foundation models (VFMs) and introduces a novel architecture (E-RADIO) that enhances performance through multi-teacher distillation. The research involves significant contributions to computer vision, particularly in image classification, semantic segmentation, and object detection, which are core topics of interest at CVPR. Additionally, the paper's emphasis on benchmarking various architectures and improving hardware efficiency aligns well with the themes of innovation and application in computer vision that CVPR promotes. The integration of vision-language tasks also indicates a strong connection to the visual processing domain, further solidifying CVPR as the most suitable conference for this work."
P046.pdf,KDD,"The paper focuses on the adversarial robustness of Graph Neural Networks (GNNs) and introduces a novel threat model that combines poisoning and evasion attacks. This topic falls squarely within the scope of KDD, which emphasizes data mining and knowledge discovery, particularly in the context of machine learning applications. The exploration of adversarial attacks and defenses, especially in the context of graph data, aligns well with KDD's interests in algorithms and methodologies that handle complex data structures. Additionally, the paper's empirical evaluations on standard graph datasets like Cora, CiteSeer, and PubMed further support its relevance to the KDD community, which often showcases research that involves real-world data applications and challenges."
P047.pdf,TMLR,"The paper discusses complex system design principles and their interdisciplinary applications, including aspects of machine learning and artificial intelligence, which are core topics in TMLR (Transactions of Machine Learning Research). The exploration of system performance metrics, adaptability, and resilience indicates a focus on methodologies relevant to machine learning systems. Additionally, the paper's emphasis on innovative frameworks and methodologies aligns with the research themes typically presented at TMLR, which seeks to advance the understanding and application of machine learning techniques across various domains. The abstract's whimsical nature suggests a creative approach to serious topics, which is often encouraged in TMLR submissions."
P048.pdf,EMNLP,"The paper presents a highly creative and unconventional exploration of protein synthesis, intertwining it with various cultural, artistic, and scientific elements. The whimsical nature of the research, including connections to music, culinary arts, and even fantasy elements, aligns well with the interdisciplinary approach often found in EMNLP, where language and creativity intersect. The use of metaphorical language and playful analogies suggests a focus on the narrative and communicative aspects of science, which is a central theme in EMNLP. Additionally, the paper's exploration of the relationships between protein synthesis and human culture reflects the conference's interest in understanding language and communication in diverse contexts."
P049.pdf,CVPR,"The paper focuses on improving model generalization in semantic segmentation, which is a key area of research within computer vision. The methodology involves adapting the inference process of deep learning models to enhance their performance on out-of-distribution data, specifically in the context of semantic segmentation tasks. This aligns well with the themes of CVPR, which emphasizes advancements in computer vision techniques, including segmentation, domain adaptation, and the robustness of models in real-world scenarios. The empirical results demonstrate significant improvements in segmentation accuracy, further supporting its relevance to CVPR's audience, which is interested in cutting-edge developments in visual recognition and related fields."
P050.pdf,EMNLP,"The paper focuses on interpreting deep learning models specifically in the context of Natural Language Inference (NLI), which is a core area of research within Natural Language Processing (NLP). The methods discussed, such as visualizing saliency in attention and LSTM gating signals, are aimed at understanding how these models make decisions based on textual data. EMNLP is known for its emphasis on advancements in NLP, including model interpretability and deep learning applications in language tasks, making it the most suitable conference for this paper. The detailed analysis of the ESIM model and its components further aligns with the themes typically explored at EMNLP, which often includes studies on model architectures and their implications for language understanding."
